file_name,lines,cycles,qubits,instructions,quantum_instructions,bundles,bundle_mean,bundle_sd,qwaits,qwait_mean,qwait_sd
../benchmarks/QASM_compiled/0410184_169.qasm,213,211,14,211,211,211,1.0,0.0,0,0.0,0.0
../benchmarks/QASM_compiled/0410184_169_scheduled.qasm,292,348,14,211,211,145,1.4551724137931035,0.714184467089634,145,1.4,0.8
../benchmarks/QASM_compiled/3_17_13.qasm,38,36,3,36,36,36,1.0,0.0,0,0.0,0.0
../benchmarks/QASM_compiled/3_17_13_scheduled.qasm,62,78,3,36,36,30,1.2,0.4,30,1.6,0.9165151389911681
../benchmarks/QASM_compiled/4_49_16.qasm,219,217,5,217,217,217,1.0,0.0,0,0.0,0.0
../benchmarks/QASM_compiled/4_49_16_scheduled.qasm,344,432,5,217,217,171,1.2690058479532165,0.4933815232162444,171,1.5263157894736843,0.8806947647727111
../benchmarks/QASM_compiled/4gt10-v1_81.qasm,150,148,5,148,148,148,1.0,0.0,0,0.0,0.0
../benchmarks/QASM_compiled/4gt10-v1_81_scheduled.qasm,234,288,5,148,148,116,1.2758620689655173,0.48398858095235175,116,1.4827586206896552,0.8558395617924729
../benchmarks/QASM_compiled/4gt11_82.qasm,29,27,5,27,27,27,1.0,0.0,0,0.0,0.0
../benchmarks/QASM_compiled/4gt11_82_scheduled.qasm,50,76,5,27,27,24,1.125,0.33071891388307384,24,2.1666666666666665,0.9860132971832694
../benchmarks/QASM_compiled/4gt11_83.qasm,25,23,5,23,23,23,1.0,0.0,0,0.0,0.0
../benchmarks/QASM_compiled/4gt11_83_scheduled.qasm,42,60,5,23,23,20,1.15,0.3570714214271425,20,2.0,1.0
../benchmarks/QASM_compiled/4gt11_84.qasm,20,18,5,18,18,18,1.0,0.0,0,0.0,0.0
../benchmarks/QASM_compiled/4gt11_84_scheduled.qasm,30,38,5,18,18,14,1.2857142857142858,0.45175395145262565,14,1.7142857142857142,0.9583148474999099
../benchmarks/QASM_compiled/4gt12-v0_86.qasm,253,251,6,251,251,251,1.0,0.0,0,0.0,0.0
../benchmarks/QASM_compiled/4gt12-v0_86_scheduled.qasm,370,466,6,251,251,184,1.3641304347826086,0.6452302456823372,184,1.5326086956521738,0.8840505464169104
../benchmarks/QASM_compiled/4gt12-v0_87.qasm,249,247,6,247,247,247,1.0,0.0,0,0.0,0.0
../benchmarks/QASM_compiled/4gt12-v0_87_scheduled.qasm,368,450,6,247,247,183,1.349726775956284,0.607860560381859,183,1.459016393442623,0.8410331369429942
../benchmarks/QASM_compiled/4gt12-v0_88.qasm,196,194,6,194,194,194,1.0,0.0,0,0.0,0.0
../benchmarks/QASM_compiled/4gt12-v0_88_scheduled.qasm,304,370,6,194,194,151,1.2847682119205297,0.5066116953352391,151,1.4503311258278146,0.8353826241706742
../benchmarks/QASM_compiled/4gt12-v1_89.qasm,230,228,6,228,228,228,1.0,0.0,0,0.0,0.0
../benchmarks/QASM_compiled/4gt12-v1_89_scheduled.qasm,358,436,6,228,228,178,1.2808988764044944,0.519047616289937,178,1.449438202247191,0.8347944099328858
../benchmarks/QASM_compiled/4gt13_90.qasm,109,107,5,107,107,107,1.0,0.0,0,0.0,0.0
../benchmarks/QASM_compiled/4gt13_90_scheduled.qasm,174,230,5,107,107,86,1.244186046511628,0.5043081033070103,86,1.6744186046511629,0.9455140162909822
../benchmarks/QASM_compiled/4gt13_91.qasm,105,103,5,103,103,103,1.0,0.0,0,0.0,0.0
../benchmarks/QASM_compiled/4gt13_91_scheduled.qasm,164,214,5,103,103,81,1.271604938271605,0.5214496810356265,81,1.6419753086419753,0.9337121185772362
../benchmarks/QASM_compiled/4gt13_92.qasm,68,66,5,66,66,66,1.0,0.0,0,0.0,0.0
../benchmarks/QASM_compiled/4gt13_92_scheduled.qasm,104,128,5,66,66,51,1.2941176470588236,0.49681801801254616,51,1.5098039215686274,0.871612187093838
../benchmarks/QASM_compiled/4gt13-v1_93.qasm,70,68,5,68,68,68,1.0,0.0,0,0.0,0.0
../benchmarks/QASM_compiled/4gt13-v1_93_scheduled.qasm,108,132,5,68,68,53,1.2830188679245282,0.5276276020418703,53,1.490566037735849,0.8605097547918023
../benchmarks/QASM_compiled/4gt4-v0_72.qasm,260,258,6,258,258,258,1.0,0.0,0,0.0,0.0
../benchmarks/QASM_compiled/4gt4-v0_72_scheduled.qasm,386,464,6,258,258,192,1.34375,0.6008349225591557,192,1.4166666666666667,0.8122328620674136
../benchmarks/QASM_compiled/4gt4-v0_73.qasm,397,395,6,395,395,395,1.0,0.0,0,0.0,0.0
../benchmarks/QASM_compiled/4gt4-v0_73_scheduled.qasm,620,774,6,395,395,309,1.27831715210356,0.527756210632471,309,1.5048543689320388,0.8688099930561979
../benchmarks/QASM_compiled/4gt4-v0_78.qasm,237,235,6,235,235,235,1.0,0.0,0,0.0,0.0
../benchmarks/QASM_compiled/4gt4-v0_78_scheduled.qasm,376,472,6,235,235,187,1.2566844919786095,0.4942403255352296,187,1.5240641711229947,0.8794800093186644
../benchmarks/QASM_compiled/4gt4-v0_79.qasm,233,231,6,231,231,231,1.0,0.0,0,0.0,0.0
../benchmarks/QASM_compiled/4gt4-v0_79_scheduled.qasm,364,452,6,231,231,181,1.276243093922652,0.5369642791079696,181,1.4972375690607735,0.8644246283141634
../benchmarks/QASM_compiled/4gt4-v0_80.qasm,181,179,6,179,179,179,1.0,0.0,0,0.0,0.0
../benchmarks/QASM_compiled/4gt4-v0_80_scheduled.qasm,282,344,6,179,179,140,1.2785714285714285,0.49378794093441053,140,1.457142857142857,0.839825054668518
../benchmarks/QASM_compiled/4gt4-v1_74.qasm,275,273,6,273,273,273,1.0,0.0,0,0.0,0.0
../benchmarks/QASM_compiled/4gt4-v1_74_scheduled.qasm,426,524,6,273,273,212,1.2877358490566038,0.5205589938454005,212,1.471698113207547,0.8490566037735848
../benchmarks/QASM_compiled/4gt5_75.qasm,85,83,5,83,83,83,1.0,0.0,0,0.0,0.0
../benchmarks/QASM_compiled/4gt5_75_scheduled.qasm,130,160,5,83,83,64,1.296875,0.5208072910155924,64,1.5,0.8660254037844386
../benchmarks/QASM_compiled/4gt5_76.qasm,93,91,5,91,91,91,1.0,0.0,0,0.0,0.0
../benchmarks/QASM_compiled/4gt5_76_scheduled.qasm,146,196,5,91,91,72,1.2638888888888888,0.5268632427330738,72,1.7222222222222223,0.960645359210588
../benchmarks/QASM_compiled/4gt5_77.qasm,133,131,5,131,131,131,1.0,0.0,0,0.0,0.0
../benchmarks/QASM_compiled/4gt5_77_scheduled.qasm,202,250,5,131,131,100,1.31,0.5602677931132576,100,1.5,0.8660254037844386
../benchmarks/QASM_compiled/4mod5-bdd_287.qasm,72,70,7,70,70,70,1.0,0.0,0,0.0,0.0
../benchmarks/QASM_compiled/4mod5-bdd_287_scheduled.qasm,112,144,7,70,70,55,1.2727272727272727,0.5206480386645946,55,1.6181818181818182,0.9242374565191878
../benchmarks/QASM_compiled/4mod5-v0_18.qasm,71,69,5,69,69,69,1.0,0.0,0,0.0,0.0
../benchmarks/QASM_compiled/4mod5-v0_18_scheduled.qasm,108,142,5,69,69,53,1.3018867924528301,0.5691737029810701,53,1.679245283018868,0.9471622941895194
../benchmarks/QASM_compiled/4mod5-v0_19.qasm,37,35,5,35,35,35,1.0,0.0,0,0.0,0.0
../benchmarks/QASM_compiled/4mod5-v0_19_scheduled.qasm,56,74,5,35,35,27,1.2962962962962963,0.531581484978049,27,1.7407407407407407,0.9658077637337258
../benchmarks/QASM_compiled/4mod5-v0_20.qasm,22,20,5,20,20,20,1.0,0.0,0,0.0,0.0
../benchmarks/QASM_compiled/4mod5-v0_20_scheduled.qasm,32,42,5,20,20,15,1.3333333333333333,0.47140452079103173,15,1.8,0.9797958971132712
../benchmarks/QASM_compiled/4mod5-v1_22.qasm,23,21,5,21,21,21,1.0,0.0,0,0.0,0.0
../benchmarks/QASM_compiled/4mod5-v1_22_scheduled.qasm,34,44,5,21,21,16,1.3125,0.582961190818051,16,1.75,0.9682458365518543
../benchmarks/QASM_compiled/4mod5-v1_23.qasm,71,69,5,69,69,69,1.0,0.0,0,0.0,0.0
../benchmarks/QASM_compiled/4mod5-v1_23_scheduled.qasm,112,140,5,69,69,55,1.2545454545454546,0.5123273746765589,55,1.5454545454545454,0.8907235428302466
../benchmarks/QASM_compiled/4mod5-v1_24.qasm,38,36,5,36,36,36,1.0,0.0,0,0.0,0.0
../benchmarks/QASM_compiled/4mod5-v1_24_scheduled.qasm,56,72,5,36,36,27,1.3333333333333333,0.4714045207910317,27,1.6666666666666667,0.9428090415820635
../benchmarks/QASM_compiled/4mod7-v0_94.qasm,164,162,5,162,162,162,1.0,0.0,0,0.0,0.0
../benchmarks/QASM_compiled/4mod7-v0_94_scheduled.qasm,252,316,5,162,162,125,1.296,0.5517100687861334,125,1.528,0.8815985480931784
../benchmarks/QASM_compiled/4mod7-v1_96.qasm,166,164,5,164,164,164,1.0,0.0,0,0.0,0.0
../benchmarks/QASM_compiled/4mod7-v1_96_scheduled.qasm,252,316,5,164,164,125,1.312,0.585368260157655,125,1.528,0.8815985480931784
../benchmarks/QASM_compiled/9symml_195.qasm,34883,34881,11,34881,34881,34881,1.0,0.0,0,0.0,0.0
../benchmarks/QASM_compiled/9symml_195_scheduled.qasm,53414,64168,11,34881,34881,26706,1.3061109862952145,0.5553516345459278,26706,1.4027559349958811,0.802059553161332
../benchmarks/QASM_compiled/adr4_197.qasm,3441,3439,13,3439,3439,3439,1.0,0.0,0,0.0,0.0
../benchmarks/QASM_compiled/adr4_197_scheduled.qasm,5106,6176,13,3439,3439,2552,1.3475705329153604,0.6330453765622677,2552,1.4200626959247649,0.8146611095062464
../benchmarks/QASM_compiled/aj-e11_165.qasm,153,151,5,151,151,151,1.0,0.0,0,0.0,0.0
../benchmarks/QASM_compiled/aj-e11_165_scheduled.qasm,238,298,5,151,151,118,1.2796610169491525,0.5349733593927672,118,1.5254237288135593,0.8802143845829684
../benchmarks/QASM_compiled/alu-bdd_288.qasm,86,84,7,84,84,84,1.0,0.0,0,0.0,0.0
../benchmarks/QASM_compiled/alu-bdd_288_scheduled.qasm,130,166,7,84,84,64,1.3125,0.5555121510822243,64,1.59375,0.9137619698258403
../benchmarks/QASM_compiled/alu-v0_26.qasm,86,84,5,84,84,84,1.0,0.0,0,0.0,0.0
../benchmarks/QASM_compiled/alu-v0_26_scheduled.qasm,134,168,5,84,84,66,1.2727272727272727,0.508874412840808,66,1.5454545454545454,0.8907235428302466
../benchmarks/QASM_compiled/alu-v0_27.qasm,38,36,5,36,36,36,1.0,0.0,0,0.0,0.0
../benchmarks/QASM_compiled/alu-v0_27_scheduled.qasm,54,70,5,36,36,26,1.3846153846153846,0.6249260311258431,26,1.6923076923076923,0.9514859136040755
../benchmarks/QASM_compiled/alu-v1_28.qasm,39,37,5,37,37,37,1.0,0.0,0,0.0,0.0
../benchmarks/QASM_compiled/alu-v1_28_scheduled.qasm,58,76,5,37,37,28,1.3214285714285714,0.5380899704756915,28,1.7142857142857142,0.9583148474999099
../benchmarks/QASM_compiled/alu-v1_29.qasm,39,37,5,37,37,37,1.0,0.0,0,0.0,0.0
../benchmarks/QASM_compiled/alu-v1_29_scheduled.qasm,58,72,5,37,37,28,1.3214285714285714,0.6008072800450258,28,1.5714285714285714,0.9035079029052513
../benchmarks/QASM_compiled/alu-v2_30.qasm,506,504,6,504,504,504,1.0,0.0,0,0.0,0.0
../benchmarks/QASM_compiled/alu-v2_30_scheduled.qasm,784,966,6,504,504,391,1.289002557544757,0.526394654678671,391,1.4705882352941178,0.8483650059915269
../benchmarks/QASM_compiled/alu-v2_31.qasm,453,451,5,451,451,451,1.0,0.0,0,0.0,0.0
../benchmarks/QASM_compiled/alu-v2_31_scheduled.qasm,698,854,5,451,451,348,1.2959770114942528,0.5156024481410071,348,1.4540229885057472,0.837800156910826
../benchmarks/QASM_compiled/alu-v2_32.qasm,165,163,5,163,163,163,1.0,0.0,0,0.0,0.0
../benchmarks/QASM_compiled/alu-v2_32_scheduled.qasm,252,312,5,163,163,125,1.304,0.5249609509287334,125,1.496,0.8637036528810099
../benchmarks/QASM_compiled/alu-v2_33.qasm,39,37,5,37,37,37,1.0,0.0,0,0.0,0.0
../benchmarks/QASM_compiled/alu-v2_33_scheduled.qasm,56,72,5,37,37,27,1.3703703703703705,0.617530814834558,27,1.6666666666666667,0.9428090415820635
../benchmarks/QASM_compiled/alu-v3_34.qasm,54,52,5,52,52,52,1.0,0.0,0,0.0,0.0
../benchmarks/QASM_compiled/alu-v3_34_scheduled.qasm,84,106,5,52,52,41,1.2682926829268293,0.4950678812240107,41,1.5853658536585367,0.909988200301348
../benchmarks/QASM_compiled/alu-v3_35.qasm,39,37,5,37,37,37,1.0,0.0,0,0.0,0.0
../benchmarks/QASM_compiled/alu-v3_35_scheduled.qasm,58,74,5,37,37,28,1.3214285714285714,0.5380899704756915,28,1.6428571428571428,0.9340497736158586
../benchmarks/QASM_compiled/alu-v4_36.qasm,117,115,5,115,115,115,1.0,0.0,0,0.0,0.0
../benchmarks/QASM_compiled/alu-v4_36_scheduled.qasm,184,226,5,115,115,91,1.2637362637362637,0.48799128156427507,91,1.4835164835164836,0.8562971313748641
../benchmarks/QASM_compiled/alu-v4_37.qasm,39,37,5,37,37,37,1.0,0.0,0,0.0,0.0
../benchmarks/QASM_compiled/alu-v4_37_scheduled.qasm,58,74,5,37,37,28,1.3214285714285714,0.5380899704756915,28,1.6428571428571428,0.9340497736158586
../benchmarks/QASM_compiled/C17_204.qasm,469,467,7,467,467,467,1.0,0.0,0,0.0,0.0
../benchmarks/QASM_compiled/C17_204_scheduled.qasm,704,852,7,467,467,351,1.3304843304843306,0.5935642920887217,351,1.4273504273504274,0.8198002603953366
../benchmarks/QASM_compiled/clip_206.qasm,33829,33827,14,33827,33827,33827,1.0,0.0,0,0.0,0.0
../benchmarks/QASM_compiled/clip_206_scheduled.qasm,50170,59814,14,33827,33827,25084,1.348548875777388,0.6142294633458204,25084,1.3845479189921863,0.78817430558421
../benchmarks/QASM_compiled/cm152a_212.qasm,1223,1221,12,1221,1221,1221,1.0,0.0,0,0.0,0.0
../benchmarks/QASM_compiled/cm152a_212_scheduled.qasm,1898,2290,12,1221,1221,948,1.2879746835443038,0.5379901958547855,948,1.4156118143459915,0.8114742438722354
../benchmarks/QASM_compiled/cm42a_207.qasm,1778,1776,14,1776,1776,1776,1.0,0.0,0,0.0,0.0
../benchmarks/QASM_compiled/cm42a_207_scheduled.qasm,2628,3148,14,1776,1776,1313,1.3526275704493527,0.6633326708391131,1313,1.3975628332063976,0.7981663110315401
../benchmarks/QASM_compiled/cm82a_208.qasm,652,650,8,650,650,650,1.0,0.0,0,0.0,0.0
../benchmarks/QASM_compiled/cm82a_208_scheduled.qasm,944,1142,8,650,650,471,1.3800424628450105,0.6532174154349224,471,1.424628450106157,0.8178921564440857
../benchmarks/QASM_compiled/cm85a_209.qasm,11416,11414,14,11414,11414,11414,1.0,0.0,0,0.0,0.0
../benchmarks/QASM_compiled/cm85a_209_scheduled.qasm,17658,21260,14,11414,11414,8828,1.2929315813321252,0.5450355644373005,8828,1.408246488445854,0.8061189624139463
../benchmarks/QASM_compiled/cnt3-5_179.qasm,177,175,16,175,175,175,1.0,0.0,0,0.0,0.0
../benchmarks/QASM_compiled/cnt3-5_179_scheduled.qasm,168,208,16,175,175,83,2.108433734939759,2.2117541868296167,83,1.5060240963855422,0.8694755928996971
../benchmarks/QASM_compiled/cnt3-5_180.qasm,487,485,16,485,485,485,1.0,0.0,0,0.0,0.0
../benchmarks/QASM_compiled/cnt3-5_180_scheduled.qasm,592,714,16,485,485,295,1.6440677966101696,1.1697125804347615,295,1.4203389830508475,0.8148577209730999
../benchmarks/QASM_compiled/co14_215.qasm,17938,17936,15,17936,17936,17936,1.0,0.0,0,0.0,0.0
../benchmarks/QASM_compiled/co14_215_scheduled.qasm,24624,28658,15,17936,17936,12311,1.4569084558524896,0.7277911484746473,12311,1.327836893834782,0.7404031055515136
../benchmarks/QASM_compiled/con1_216.qasm,956,954,9,954,954,954,1.0,0.0,0,0.0,0.0
../benchmarks/QASM_compiled/con1_216_scheduled.qasm,1410,1708,9,954,954,704,1.3551136363636365,0.6365094698970275,704,1.4261363636363635,0.8189508696249758
../benchmarks/QASM_compiled/cycle10_2_110.qasm,6052,6050,12,6050,6050,6050,1.0,0.0,0,0.0,0.0
../benchmarks/QASM_compiled/cycle10_2_110_scheduled.qasm,9362,11324,12,6050,6050,4680,1.2927350427350428,0.5447796134525824,4680,1.4196581196581197,0.8143729501409355
../benchmarks/QASM_compiled/dc1_220.qasm,1916,1914,11,1914,1914,1914,1.0,0.0,0,0.0,0.0
../benchmarks/QASM_compiled/dc1_220_scheduled.qasm,2898,3484,11,1914,1914,1448,1.3218232044198894,0.6163239728110167,1448,1.4060773480662982,0.80452214607184
../benchmarks/QASM_compiled/dc2_222.qasm,9464,9462,15,9462,9462,9462,1.0,0.0,0,0.0,0.0
../benchmarks/QASM_compiled/dc2_222_scheduled.qasm,14530,17518,15,9462,9462,7264,1.3025881057268722,0.5544314049240133,7264,1.4116189427312775,0.8085837813407714
../benchmarks/QASM_compiled/decod24-bdd_294.qasm,75,73,6,73,73,73,1.0,0.0,0,0.0,0.0
../benchmarks/QASM_compiled/decod24-bdd_294_scheduled.qasm,112,142,6,73,73,55,1.3272727272727274,0.6340216645150071,55,1.5818181818181818,0.908363345221585
../benchmarks/QASM_compiled/decod24-enable_126.qasm,340,338,6,338,338,338,1.0,0.0,0,0.0,0.0
../benchmarks/QASM_compiled/decod24-enable_126_scheduled.qasm,528,648,6,338,338,263,1.285171102661597,0.5218137689896168,263,1.4638783269961977,0.844140717970413
../benchmarks/QASM_compiled/decod24-v0_38.qasm,53,51,4,51,51,51,1.0,0.0,0,0.0,0.0
../benchmarks/QASM_compiled/decod24-v0_38_scheduled.qasm,84,106,4,51,51,41,1.2439024390243902,0.4294345576014392,41,1.5853658536585367,0.909988200301348
../benchmarks/QASM_compiled/decod24-v1_41.qasm,87,85,5,85,85,85,1.0,0.0,0,0.0,0.0
../benchmarks/QASM_compiled/decod24-v1_41_scheduled.qasm,136,170,5,85,85,67,1.2686567164179106,0.5061440285914379,67,1.537313432835821,0.8865219346219401
../benchmarks/QASM_compiled/decod24-v2_43.qasm,54,52,4,52,52,52,1.0,0.0,0,0.0,0.0
../benchmarks/QASM_compiled/decod24-v2_43_scheduled.qasm,82,102,4,52,52,40,1.3,0.5567764362830022,40,1.55,0.8930285549745877
../benchmarks/QASM_compiled/decod24-v3_45.qasm,152,150,5,150,150,150,1.0,0.0,0,0.0,0.0
../benchmarks/QASM_compiled/decod24-v3_45_scheduled.qasm,232,282,5,150,150,115,1.3043478260869565,0.5774593988133562,115,1.4521739130434783,0.8365922414473524
../benchmarks/QASM_compiled/dist_223.qasm,38048,38046,13,38046,38046,38046,1.0,0.0,0,0.0,0.0
../benchmarks/QASM_compiled/dist_223_scheduled.qasm,55568,65936,13,38046,38046,27783,1.3693985530720225,0.6358797361940954,27783,1.373249829032142,0.7792202661582671
../benchmarks/QASM_compiled/ex-1_166.qasm,21,19,3,19,19,19,1.0,0.0,0,0.0,0.0
../benchmarks/QASM_compiled/ex-1_166_scheduled.qasm,34,42,3,19,19,16,1.1875,0.3903123748998999,16,1.625,0.9270248108869579
../benchmarks/QASM_compiled/ex1_226.qasm,9,7,6,7,7,7,1.0,0.0,0,0.0,0.0
../benchmarks/QASM_compiled/ex1_226_scheduled.qasm,16,20,6,7,7,7,1.0,0.0,7,1.8571428571428572,0.989743318610787
../benchmarks/QASM_compiled/ex2_227.qasm,633,631,7,631,631,631,1.0,0.0,0,0.0,0.0
../benchmarks/QASM_compiled/ex2_227_scheduled.qasm,978,1192,7,631,631,488,1.2930327868852458,0.5377097598242625,488,1.4426229508196722,0.8302594925967607
../benchmarks/QASM_compiled/ex3_229.qasm,405,403,6,403,403,403,1.0,0.0,0,0.0,0.0
../benchmarks/QASM_compiled/ex3_229_scheduled.qasm,626,764,6,403,403,312,1.2916666666666667,0.5264124264633603,312,1.4487179487179487,0.8343189437704586
../benchmarks/QASM_compiled/f2_232.qasm,1208,1206,8,1206,1206,1206,1.0,0.0,0,0.0,0.0
../benchmarks/QASM_compiled/f2_232_scheduled.qasm,1840,2234,8,1206,1206,919,1.3122959738846571,0.5707516143880402,919,1.4309031556039173,0.8222705039696006
../benchmarks/QASM_compiled/graycode6_47.qasm,7,5,6,5,5,5,1.0,0.0,0,0.0,0.0
../benchmarks/QASM_compiled/graycode6_47_scheduled.qasm,12,20,6,5,5,5,1.0,0.0,5,3.0,0.0
../benchmarks/QASM_compiled/ham15_107.qasm,8765,8763,15,8763,8763,8763,1.0,0.0,0,0.0,0.0
../benchmarks/QASM_compiled/ham15_107_scheduled.qasm,13376,16184,15,8763,8763,6687,1.3104531179901302,0.5608613682195202,6687,1.4202183340810528,0.8147718821021319
../benchmarks/QASM_compiled/ham3_102.qasm,22,20,3,20,20,20,1.0,0.0,0,0.0,0.0
../benchmarks/QASM_compiled/ham3_102_scheduled.qasm,36,48,3,20,20,17,1.1764705882352942,0.3812200410828153,17,1.8235294117647058,0.9843059135695007
../benchmarks/QASM_compiled/ham7_104.qasm,322,320,7,320,320,320,1.0,0.0,0,0.0,0.0
../benchmarks/QASM_compiled/ham7_104_scheduled.qasm,508,638,7,320,320,253,1.2648221343873518,0.4757225293020743,253,1.5217391304347827,0.8782178207271372
../benchmarks/QASM_compiled/hwb4_49.qasm,235,233,5,233,233,233,1.0,0.0,0,0.0,0.0
../benchmarks/QASM_compiled/hwb4_49_scheduled.qasm,366,466,5,233,233,182,1.2802197802197801,0.5065981740377804,182,1.5604395604395604,0.8982130148096458
../benchmarks/QASM_compiled/hwb5_53.qasm,1338,1336,6,1336,1336,1336,1.0,0.0,0,0.0,0.0
../benchmarks/QASM_compiled/hwb5_53_scheduled.qasm,2094,2584,6,1336,1336,1046,1.277246653919694,0.498178777185019,1046,1.4703632887189293,0.8482245894003378
../benchmarks/QASM_compiled/hwb6_56.qasm,6725,6723,7,6723,6723,6723,1.0,0.0,0,0.0,0.0
../benchmarks/QASM_compiled/hwb6_56_scheduled.qasm,10354,12590,7,6723,6723,5176,1.2988794435857804,0.5315824377212462,5176,1.4323802163833075,0.8232908242212708
../benchmarks/QASM_compiled/hwb7_59.qasm,24381,24379,8,24379,24379,24379,1.0,0.0,0,0.0,0.0
../benchmarks/QASM_compiled/hwb7_59_scheduled.qasm,37288,45096,8,24379,24379,18643,1.3076758032505498,0.548518731715514,18643,1.4189239929195945,0.8138492944000706
../benchmarks/QASM_compiled/hwb8_113.qasm,69382,69380,9,69380,69380,69380,1.0,0.0,0,0.0,0.0
../benchmarks/QASM_compiled/hwb8_113_scheduled.qasm,107102,129516,9,69380,69380,53550,1.2956115779645192,0.5302866184254292,53550,1.4185994397759103,0.8136174706648787
../benchmarks/QASM_compiled/hwb9_119.qasm,207777,207775,10,207775,207775,207775,1.0,0.0,0,0.0,0.0
../benchmarks/QASM_compiled/hwb9_119_scheduled.qasm,321352,388334,10,207775,207775,160675,1.2931383227011046,0.5293630192659363,160675,1.4168912400809086,0.8123941002405295
../benchmarks/QASM_compiled/inc_237.qasm,10621,10619,16,10619,10619,10619,1.0,0.0,0,0.0,0.0
../benchmarks/QASM_compiled/inc_237_scheduled.qasm,16266,19580,16,10619,10619,8132,1.3058288243974423,0.5674395718474534,8132,1.4077717658632563,0.8057702642138603
../benchmarks/QASM_compiled/life_238.qasm,22447,22445,11,22445,22445,22445,1.0,0.0,0,0.0,0.0
../benchmarks/QASM_compiled/life_238_scheduled.qasm,34664,41734,11,22445,22445,17331,1.2950781836016387,0.5409208436812167,17331,1.4080549304714096,0.8059783090510515
../benchmarks/QASM_compiled/majority_239.qasm,614,612,7,612,612,612,1.0,0.0,0,0.0,0.0
../benchmarks/QASM_compiled/majority_239_scheduled.qasm,950,1152,7,612,612,474,1.2911392405063291,0.543125011466454,474,1.4303797468354431,0.8219080040885026
../benchmarks/QASM_compiled/max46_240.qasm,27128,27126,10,27126,27126,27126,1.0,0.0,0,0.0,0.0
../benchmarks/QASM_compiled/max46_240_scheduled.qasm,40060,47826,10,27126,27126,20029,1.3543362124918867,0.6129184895552897,20029,1.3878376354286286,0.790732090788269
../benchmarks/QASM_compiled/miller_11.qasm,52,50,3,50,50,50,1.0,0.0,0,0.0,0.0
../benchmarks/QASM_compiled/miller_11_scheduled.qasm,84,104,3,50,50,41,1.2195121951219512,0.4139161645970034,41,1.5365853658536586,0.8861415670529244
../benchmarks/QASM_compiled/mini-alu_167.qasm,290,288,5,288,288,288,1.0,0.0,0,0.0,0.0
../benchmarks/QASM_compiled/mini-alu_167_scheduled.qasm,444,546,5,288,288,221,1.3031674208144797,0.5153208498645407,221,1.4705882352941178,0.8483650059915269
../benchmarks/QASM_compiled/mini_alu_305.qasm,175,173,10,173,173,173,1.0,0.0,0,0.0,0.0
../benchmarks/QASM_compiled/mini_alu_305_scheduled.qasm,214,244,10,173,173,106,1.6320754716981132,0.8047673013973433,106,1.3018867924528301,0.7159873947551048
../benchmarks/QASM_compiled/misex1_241.qasm,4815,4813,15,4813,4813,4813,1.0,0.0,0,0.0,0.0
../benchmarks/QASM_compiled/misex1_241_scheduled.qasm,7418,8946,15,4813,4813,3708,1.2980043149946063,0.5640490732615244,3708,1.412621359223301,0.80931225887127
../benchmarks/QASM_compiled/mlp4_245.qasm,18854,18852,16,18852,18852,18852,1.0,0.0,0,0.0,0.0
../benchmarks/QASM_compiled/mlp4_245_scheduled.qasm,28708,34516,16,18852,18852,14353,1.3134536333867484,0.5768938624117362,14353,1.4047934229777748,0.8035727289234534
../benchmarks/QASM_compiled/mod10_171.qasm,246,244,5,244,244,244,1.0,0.0,0,0.0,0.0
../benchmarks/QASM_compiled/mod10_171_scheduled.qasm,382,472,5,244,244,190,1.2842105263157895,0.5163262513023461,190,1.4842105263157894,0.8567153662895076
../benchmarks/QASM_compiled/mod10_176.qasm,180,178,5,178,178,178,1.0,0.0,0,0.0,0.0
../benchmarks/QASM_compiled/mod10_176_scheduled.qasm,274,342,5,178,178,136,1.3088235294117647,0.5357060470613819,136,1.5147058823529411,0.874350970364397
../benchmarks/QASM_compiled/mod5adder_127.qasm,557,555,6,555,555,555,1.0,0.0,0,0.0,0.0
../benchmarks/QASM_compiled/mod5adder_127_scheduled.qasm,838,1018,6,555,555,418,1.3277511961722488,0.5747853481690891,418,1.4354066985645932,0.8253692531069158
../benchmarks/QASM_compiled/mod5d1_63.qasm,24,22,5,22,22,22,1.0,0.0,0,0.0,0.0
../benchmarks/QASM_compiled/mod5d1_63_scheduled.qasm,34,48,5,22,22,16,1.375,0.5994789404140899,16,2.0,1.0
../benchmarks/QASM_compiled/mod5d2_64.qasm,55,53,5,53,53,53,1.0,0.0,0,0.0,0.0
../benchmarks/QASM_compiled/mod5d2_64_scheduled.qasm,84,114,5,53,53,41,1.2926829268292683,0.5518882194626713,41,1.7804878048780488,0.975609756097561
../benchmarks/QASM_compiled/mod5mils_65.qasm,37,35,5,35,35,35,1.0,0.0,0,0.0,0.0
../benchmarks/QASM_compiled/mod5mils_65_scheduled.qasm,58,74,5,35,35,28,1.25,0.5088502445991074,28,1.6428571428571428,0.9340497736158586
../benchmarks/QASM_compiled/mod8-10_177.qasm,442,440,6,440,440,440,1.0,0.0,0,0.0,0.0
../benchmarks/QASM_compiled/mod8-10_177_scheduled.qasm,698,858,6,440,440,348,1.264367816091954,0.4961870734287214,348,1.4655172413793103,0.8451793778466307
../benchmarks/QASM_compiled/mod8-10_178.qasm,344,342,6,342,342,342,1.0,0.0,0,0.0,0.0
../benchmarks/QASM_compiled/mod8-10_178_scheduled.qasm,538,658,6,342,342,268,1.2761194029850746,0.49462470387479196,268,1.455223880597015,0.8385815283728976
../benchmarks/QASM_compiled/one-two-three-v0_97.qasm,292,290,5,290,290,290,1.0,0.0,0,0.0,0.0
../benchmarks/QASM_compiled/one-two-three-v0_97_scheduled.qasm,446,558,5,290,290,222,1.3063063063063063,0.5249245813317915,222,1.5135135135135136,0.8736881013645736
../benchmarks/QASM_compiled/one-two-three-v0_98.qasm,148,146,5,146,146,146,1.0,0.0,0,0.0,0.0
../benchmarks/QASM_compiled/one-two-three-v0_98_scheduled.qasm,226,282,5,146,146,112,1.3035714285714286,0.5318311647084082,112,1.5178571428571428,0.8760926122882913
../benchmarks/QASM_compiled/one-two-three-v1_99.qasm,134,132,5,132,132,132,1.0,0.0,0,0.0,0.0
../benchmarks/QASM_compiled/one-two-three-v1_99_scheduled.qasm,208,262,5,132,132,103,1.2815533980582525,0.5291039453762607,103,1.5436893203883495,0.889820523292396
../benchmarks/QASM_compiled/one-two-three-v2_100.qasm,71,69,5,69,69,69,1.0,0.0,0,0.0,0.0
../benchmarks/QASM_compiled/one-two-three-v2_100_scheduled.qasm,108,136,5,69,69,53,1.3018867924528301,0.4984847099480343,53,1.5660377358490567,0.9009310480236469
../benchmarks/QASM_compiled/one-two-three-v3_101.qasm,72,70,5,70,70,70,1.0,0.0,0,0.0,0.0
../benchmarks/QASM_compiled/one-two-three-v3_101_scheduled.qasm,108,138,5,70,70,53,1.320754716981132,0.5055758870556325,53,1.6037735849056605,0.9181528347619956
../benchmarks/QASM_compiled/plus63mod4096_163.qasm,128746,128744,13,128744,128744,128744,1.0,0.0,0,0.0,0.0
../benchmarks/QASM_compiled/plus63mod4096_163_scheduled.qasm,200026,241022,13,128744,128744,100012,1.2872855257369116,0.5284918223705197,100012,1.4099308083030035,0.8073526794468779
../benchmarks/QASM_compiled/plus63mod8192_164.qasm,187114,187112,14,187112,187112,187112,1.0,0.0,0,0.0,0.0
../benchmarks/QASM_compiled/plus63mod8192_164_scheduled.qasm,291266,350728,14,187112,187112,145632,1.2848275104372666,0.526329361847255,145632,1.4083168534388046,0.8061706110219119
../benchmarks/QASM_compiled/pm1_249.qasm,1778,1776,14,1776,1776,1776,1.0,0.0,0,0.0,0.0
../benchmarks/QASM_compiled/pm1_249_scheduled.qasm,2628,3148,14,1776,1776,1313,1.3526275704493527,0.6633326708391131,1313,1.3975628332063976,0.7981663110315401
../benchmarks/QASM_compiled/radd_250.qasm,3215,3213,13,3213,3213,3213,1.0,0.0,0,0.0,0.0
../benchmarks/QASM_compiled/radd_250_scheduled.qasm,4918,5980,13,3213,3213,2458,1.307160292921074,0.5673134763867934,2458,1.4328722538649308,0.8236298437792042
../benchmarks/QASM_compiled/rd32_270.qasm,86,84,5,84,84,84,1.0,0.0,0,0.0,0.0
../benchmarks/QASM_compiled/rd32_270_scheduled.qasm,126,164,5,84,84,62,1.3548387096774193,0.5982979674513358,62,1.6451612903225807,0.9349275320122219
../benchmarks/QASM_compiled/rd32-v0_66.qasm,36,34,4,34,34,34,1.0,0.0,0,0.0,0.0
../benchmarks/QASM_compiled/rd32-v0_66_scheduled.qasm,54,72,4,34,34,26,1.3076923076923077,0.5384615384615384,26,1.7692307692307692,0.9730085108210398
../benchmarks/QASM_compiled/rd32-v1_68.qasm,38,36,4,36,36,36,1.0,0.0,0,0.0,0.0
../benchmarks/QASM_compiled/rd32-v1_68_scheduled.qasm,56,72,4,36,36,27,1.3333333333333333,0.6085806194501846,27,1.6666666666666667,0.9428090415820635
../benchmarks/QASM_compiled/rd53_130.qasm,1045,1043,7,1043,1043,1043,1.0,0.0,0,0.0,0.0
../benchmarks/QASM_compiled/rd53_130_scheduled.qasm,1572,1902,7,1043,1043,785,1.3286624203821655,0.5746282049622093,785,1.4229299363057324,0.8166946440303707
../benchmarks/QASM_compiled/rd53_131.qasm,471,469,7,469,469,469,1.0,0.0,0,0.0,0.0
../benchmarks/QASM_compiled/rd53_131_scheduled.qasm,712,872,7,469,469,355,1.3211267605633803,0.5750481897645431,355,1.4563380281690141,0.8393042716350515
../benchmarks/QASM_compiled/rd53_133.qasm,582,580,7,580,580,580,1.0,0.0,0,0.0,0.0
../benchmarks/QASM_compiled/rd53_133_scheduled.qasm,892,1096,7,580,580,445,1.303370786516854,0.5488393142390927,445,1.4629213483146069,0.8435321700467625
../benchmarks/QASM_compiled/rd53_135.qasm,298,296,7,296,296,296,1.0,0.0,0,0.0,0.0
../benchmarks/QASM_compiled/rd53_135_scheduled.qasm,438,546,7,296,296,218,1.3577981651376148,0.6356811816998168,218,1.5045871559633028,0.8686576506101072
../benchmarks/QASM_compiled/rd53_138.qasm,134,132,8,132,132,132,1.0,0.0,0,0.0,0.0
../benchmarks/QASM_compiled/rd53_138_scheduled.qasm,164,196,8,132,132,81,1.6296296296296295,0.7768954430890012,81,1.4197530864197532,0.8144406174059576
../benchmarks/QASM_compiled/rd53_251.qasm,1293,1291,8,1291,1291,1291,1.0,0.0,0,0.0,0.0
../benchmarks/QASM_compiled/rd53_251_scheduled.qasm,1972,2406,8,1291,1291,985,1.3106598984771574,0.5654503358390526,985,1.4426395939086294,0.8302706653385163
../benchmarks/QASM_compiled/rd53_311.qasm,277,275,13,275,275,275,1.0,0.0,0,0.0,0.0
../benchmarks/QASM_compiled/rd53_311_scheduled.qasm,358,432,13,275,275,178,1.5449438202247192,0.8007736758847035,178,1.4269662921348314,0.8195317990476616
../benchmarks/QASM_compiled/rd73_140.qasm,232,230,10,230,230,230,1.0,0.0,0,0.0,0.0
../benchmarks/QASM_compiled/rd73_140_scheduled.qasm,276,320,10,230,230,137,1.6788321167883211,0.8008599991500293,137,1.3357664233576643,0.7475250869776413
../benchmarks/QASM_compiled/rd73_252.qasm,5323,5321,10,5321,5321,5321,1.0,0.0,0,0.0,0.0
../benchmarks/QASM_compiled/rd73_252_scheduled.qasm,7974,9658,10,5321,5321,3986,1.3349222277972905,0.5972589222803679,3986,1.422980431510286,0.8167303212076458
../benchmarks/QASM_compiled/rd84_142.qasm,345,343,15,343,343,343,1.0,0.0,0,0.0,0.0
../benchmarks/QASM_compiled/rd84_142_scheduled.qasm,356,382,15,343,343,177,1.9378531073446328,0.8775813712518691,177,1.1581920903954803,0.5397772163840083
../benchmarks/QASM_compiled/rd84_253.qasm,13660,13658,12,13658,13658,13658,1.0,0.0,0,0.0,0.0
../benchmarks/QASM_compiled/rd84_253_scheduled.qasm,20324,24352,12,13658,13658,10161,1.3441590394646197,0.6045358712461052,10161,1.3966145064462159,0.7974496511810989
../benchmarks/QASM_compiled/root_255.qasm,17161,17159,13,17159,17159,17159,1.0,0.0,0,0.0,0.0
../benchmarks/QASM_compiled/root_255_scheduled.qasm,24964,29598,13,17159,17159,12481,1.3748097107603556,0.6442686851740211,12481,1.371444595785594,0.7777648126733844
../benchmarks/QASM_compiled/sao2_257.qasm,38579,38577,14,38577,38577,38577,1.0,0.0,0,0.0,0.0
../benchmarks/QASM_compiled/sao2_257_scheduled.qasm,55320,65544,14,38577,38577,27659,1.3947358906684986,0.6699500412714963,27659,1.3697169095050437,0.7763653945379885
../benchmarks/QASM_compiled/sf_274.qasm,783,781,6,781,781,781,1.0,0.0,0,0.0,0.0
../benchmarks/QASM_compiled/sf_274_scheduled.qasm,1208,1472,6,781,781,603,1.2951907131011609,0.5424837741541704,603,1.4411276948590381,0.8292537286900962
../benchmarks/QASM_compiled/sf_276.qasm,780,778,6,778,778,778,1.0,0.0,0,0.0,0.0
../benchmarks/QASM_compiled/sf_276_scheduled.qasm,1204,1472,6,778,778,601,1.2945091514143094,0.5394146704422287,601,1.4492512479201332,0.834671080176179
../benchmarks/QASM_compiled/sqn_258.qasm,10225,10223,10,10223,10223,10223,1.0,0.0,0,0.0,0.0
../benchmarks/QASM_compiled/sqn_258_scheduled.qasm,15264,18352,10,10223,10223,7631,1.3396671471628883,0.5941203587891882,7631,1.404927270344647,0.8036718524500699
../benchmarks/QASM_compiled/sqrt8_260.qasm,3011,3009,12,3009,3009,3009,1.0,0.0,0,0.0,0.0
../benchmarks/QASM_compiled/sqrt8_260_scheduled.qasm,4598,5558,12,3009,3009,2298,1.3093994778067886,0.5670902673419053,2298,1.4186248912097477,0.813635657330185
../benchmarks/QASM_compiled/squar5_261.qasm,1995,1993,13,1993,1993,1993,1.0,0.0,0,0.0,0.0
../benchmarks/QASM_compiled/squar5_261_scheduled.qasm,2922,3534,13,1993,1993,1460,1.365068493150685,0.6623011426291414,1460,1.4205479452054794,0.8150063289290507
../benchmarks/QASM_compiled/square_root_7.qasm,7632,7630,15,7630,7630,7630,1.0,0.0,0,0.0,0.0
../benchmarks/QASM_compiled/square_root_7_scheduled.qasm,10766,12734,15,7630,7630,5382,1.417688591601635,0.6259939767697242,5382,1.3660349312523226,0.7733616822727596
../benchmarks/QASM_compiled/sym10_262.qasm,64285,64283,12,64283,64283,64283,1.0,0.0,0,0.0,0.0
../benchmarks/QASM_compiled/sym10_262_scheduled.qasm,98678,118616,12,64283,64283,49338,1.302910535489886,0.5503915382110259,49338,1.4041509586930967,0.8030964574530536
../benchmarks/QASM_compiled/sym6_145.qasm,3890,3888,7,3888,3888,3888,1.0,0.0,0,0.0,0.0
../benchmarks/QASM_compiled/sym6_145_scheduled.qasm,6028,7372,7,3888,3888,3013,1.2904082309990044,0.5363930370240616,3013,1.446730833056754,0.833002538357433
../benchmarks/QASM_compiled/sym6_316.qasm,272,270,14,270,270,270,1.0,0.0,0,0.0,0.0
../benchmarks/QASM_compiled/sym6_316_scheduled.qasm,364,466,14,270,270,181,1.4917127071823204,0.7768670935229195,181,1.574585635359116,0.9049986841742883
../benchmarks/QASM_compiled/sym9_146.qasm,330,328,12,328,328,328,1.0,0.0,0,0.0,0.0
../benchmarks/QASM_compiled/sym9_146_scheduled.qasm,390,436,12,328,328,194,1.690721649484536,0.8041237113402062,194,1.2474226804123711,0.6585038937184047
../benchmarks/QASM_compiled/sym9_148.qasm,21506,21504,10,21504,21504,21504,1.0,0.0,0,0.0,0.0
../benchmarks/QASM_compiled/sym9_148_scheduled.qasm,33436,40298,10,21504,21504,16717,1.2863552072740325,0.5344067494276007,16717,1.4105999880361308,0.8078413370811071
../benchmarks/QASM_compiled/sym9_193.qasm,34883,34881,11,34881,34881,34881,1.0,0.0,0,0.0,0.0
../benchmarks/QASM_compiled/sym9_193_scheduled.qasm,53414,64168,11,34881,34881,26706,1.3061109862952145,0.5553516345459278,26706,1.4027559349958811,0.802059553161332
../benchmarks/QASM_compiled/sys6-v0_111.qasm,217,215,10,215,215,215,1.0,0.0,0,0.0,0.0
../benchmarks/QASM_compiled/sys6-v0_111_scheduled.qasm,236,260,10,215,215,117,1.8376068376068375,0.8468873622847914,117,1.2222222222222223,0.628539361054709
../benchmarks/QASM_compiled/urf1_149.qasm,184866,184864,9,184864,184864,184864,1.0,0.0,0,0.0,0.0
../benchmarks/QASM_compiled/urf1_149_scheduled.qasm,275194,345036,9,184864,184864,137596,1.3435274281229106,0.6093245320963593,137596,1.5076019651734063,0.870370136952612
../benchmarks/QASM_compiled/urf1_278.qasm,54768,54766,9,54766,54766,54766,1.0,0.0,0,0.0,0.0
../benchmarks/QASM_compiled/urf1_278_scheduled.qasm,83890,106512,9,54766,54766,41944,1.305693305359527,0.5272111198678073,41944,1.5393858477970628,0.8876004747578548
../benchmarks/QASM_compiled/urf2_152.qasm,80482,80480,8,80480,80480,80480,1.0,0.0,0,0.0,0.0
../benchmarks/QASM_compiled/urf2_152_scheduled.qasm,121566,152694,8,80480,80480,60782,1.3240762067717415,0.5725957812563904,60782,1.512158204731664,0.8729320608096411
../benchmarks/QASM_compiled/urf2_277.qasm,20114,20112,8,20112,20112,20112,1.0,0.0,0,0.0,0.0
../benchmarks/QASM_compiled/urf2_277_scheduled.qasm,30652,39396,8,20112,20112,15325,1.3123654159869493,0.5219930905063872,15325,1.5707014681892333,0.903162649020164
../benchmarks/QASM_compiled/urf3_155.qasm,423490,423488,10,423488,423488,423488,1.0,0.0,0,0.0,0.0
../benchmarks/QASM_compiled/urf3_155_scheduled.qasm,633934,793160,10,423488,423488,316966,1.3360675908457058,0.5995414372424429,316966,1.5023504098231355,0.8673781674660707
../benchmarks/QASM_compiled/urf3_279.qasm,125364,125362,10,125362,125362,125362,1.0,0.0,0,0.0,0.0
../benchmarks/QASM_compiled/urf3_279_scheduled.qasm,192102,242486,10,125362,125362,96050,1.3051743883394065,0.5280544701703561,96050,1.524580947423217,0.879759469654629
../benchmarks/QASM_compiled/urf4_187.qasm,512066,512064,11,512064,512064,512064,1.0,0.0,0,0.0,0.0
../benchmarks/QASM_compiled/urf4_187_scheduled.qasm,737118,900610,11,512064,512064,368558,1.3893715507464226,0.6547021973329835,368558,1.4436045344287738,0.8309176167898829
../benchmarks/QASM_compiled/urf5_158.qasm,164418,164416,9,164416,164416,164416,1.0,0.0,0,0.0,0.0
../benchmarks/QASM_compiled/urf5_158_scheduled.qasm,246184,307790,9,164416,164416,123091,1.3357272261985036,0.600611108912024,123091,1.5005077544255876,0.8663183575401314
../benchmarks/QASM_compiled/urf5_280.qasm,49831,49829,9,49829,49829,49829,1.0,0.0,0,0.0,0.0
../benchmarks/QASM_compiled/urf5_280_scheduled.qasm,75882,95416,9,49829,49829,37940,1.313363205060622,0.5426808455553689,37940,1.5149182920400632,0.8744688311213102
../benchmarks/QASM_compiled/urf6_160.qasm,171842,171840,15,171840,171840,171840,1.0,0.0,0,0.0,0.0
../benchmarks/QASM_compiled/urf6_160_scheduled.qasm,258070,322564,15,171840,171840,129034,1.33174202148271,0.6025341022141716,129034,1.4998372521970953,0.8659314209048243
../benchmarks/QASM_compiled/wim_266.qasm,988,986,11,986,986,986,1.0,0.0,0,0.0,0.0
../benchmarks/QASM_compiled/wim_266_scheduled.qasm,1450,1732,11,986,986,724,1.361878453038674,0.6722476577892494,724,1.3922651933701657,0.794140041057368
../benchmarks/QASM_compiled/xor5_254.qasm,9,7,6,7,7,7,1.0,0.0,0,0.0,0.0
../benchmarks/QASM_compiled/xor5_254_scheduled.qasm,16,20,6,7,7,7,1.0,0.0,7,1.8571428571428572,0.989743318610787
../benchmarks/QASM_compiled/z4_268.qasm,3075,3073,11,3073,3073,3073,1.0,0.0,0,0.0,0.0
../benchmarks/QASM_compiled/z4_268_scheduled.qasm,4578,5512,11,3073,3073,2288,1.3430944055944056,0.6143928194096422,2288,1.4090909090909092,0.8067381522408568
